{
    "BLUE AWACS ZONE": {
        "radius": 2743.2,
        "x": -92648.448591136,
        "y": -264254.71453824
    }
,
    "BLUE UAV ZONE": {
        "radius": 2743.2,
        "x": -29648.448591136,
        "y": -262254.71453824
    }
}